{"CO, \u043c\u0433/\u043c\u00b3": {"best_params": {"learning_rate": 0.09867177317899258, "depth": 10, "n_estimators": 286, "l2_leaf_reg": 1.0132855405292736}}, "NO, \u043c\u0433/\u043c\u00b3": {"best_params": {"learning_rate": 0.08839263335791345, "depth": 10, "n_estimators": 252, "l2_leaf_reg": 7.947221697201789}}, "NO2, \u043c\u0433/\u043c\u00b3": {"best_params": {"learning_rate": 0.09969352033258613, "depth": 10, "n_estimators": 299, "l2_leaf_reg": 7.917395978913174}}, "NH3, \u043c\u0433/\u043c\u00b3": {"best_params": {"learning_rate": 0.09993190419743035, "depth": 10, "n_estimators": 300, "l2_leaf_reg": 5.166700233930888}}, "SO2, \u043c\u0433/\u043c\u00b3": {"best_params": {"learning_rate": 0.09986097070444452, "depth": 10, "n_estimators": 296, "l2_leaf_reg": 1.0246217002904532}}, "H2S, \u043c\u0433/\u043c\u00b3": {"best_params": {"learning_rate": 0.07758038922363764, "depth": 10, "n_estimators": 282, "l2_leaf_reg": 5.239522638905359}}}